,BTC-USD,ETH-USD,XRP-USD
BTC-USD,1.0,0.7813870072645731,0.7664005500941008
ETH-USD,0.7813870072645731,1.0,0.5360967689153191
XRP-USD,0.7664005500941008,0.5360967689153191,1.0
